Numero,Familia,Genero,Especie,Identifica,Fecha,Sitio,Provincia,Latitud,Longitud,Elevacion,No. Muestras,ADN?,especimen depositado en ,Observaciones,Colectado con,
1,Convolvulaceae,Ipomoea,cairica,E. Carranza,10-Sep-12,Diaz Ordaz,Oaxaca,16°59.675' N,96°26.007'W,,3,1,"MEXU, IEB",flores violeta en cerca de casa,"Silvana Martén, Mauricio Quesada, Javier Balvino, Jacob, Constantino, Armando Hernández",
2,Convolvulaceae,Ipomoea,purpurea,E. Carranza,10-Sep-12,Diaz Ordaz,Oaxaca,16°59.742' N,96°26.185'W,,2,1 muestra marcada con flagging,IEB,"2 plantas diferentes, flores de un violeta más oscuro a orillas de camino","Silvana Martén, Mauricio Quesada, Javier Balvino, Jacobo, Constantino, Armando Hernández",
3,Convolvulaceae,Ipomoea,populina ,E. Carranza,10-Sep-12,Diaz Ordaz,Oaxaca,16°59.742' N,96°26.185'W,,1,1,IEB,"Arbol de unos 4 metros con flores blancas en orilla de camino, con muchas agallas en los ápices de las ramas","Silvana Martén, Mauricio Quesada, Javier Balvino, Jacobo, Constantino, Armando Hernández",
4,Convolvulaceae,Ipomoea,orizabensis,E. Carranza,11-Sep-12,Camino de Cuajimoloyas a Mihuatlan,Oaxaca,17°2.165' N,96°28.319' W,,4,1,"XAL, MEXU, IEB","En borde del camino sobre arbustos, transicion encino a bosque seco con arbustos","Silvana Martén, Mauricio Quesada, Javier Balvino, Jacobo, Constantino, Armando Hernández",
5,Convolvulaceae,Ipomoea,purpurea,S. Martén-Rodriguez,12-Sep-12,Mihuatlan centro,Oaxaca,16°20.261 N,96°35.997' W,,3,1,"XAL, MEXU, IEB","Frente al restaurante, en cerca, flores muy pequeñas","Silvana Martén, Mauricio Quesada, Javier Balvino, Jacobo, Constantino, Armando Hernández",
6,Convolvulaceae,Ipomoea,cairica,E. Carranza,12-Sep-12,Camino de Mihuatlan a Huatulco,Oaxaca,16°19.700' N,96°35.382' W,,2,1,"MEXU, IEB",Lila en cerca,"Silvana Martén, Mauricio Quesada, Javier Balvino, Jacobo, Constantino, Armando Hernández",
7,Convolvulaceae,Ipomoea,purpurea,E. Carranza,12-Sep-12,Camino de Mihuatlan a Huatulco,Oaxaca,16°19.700' N,96°35.382' W,,2,1,"MEXU, IEB",,"Silvana Martén, Mauricio Quesada, Javier Balvino, Jacobo, Constantino, Armando Hernández",
8,Convolvulaceae,Ipomoea,elongata,E. Carranza,12-Sep-12,Camino de Mihuatlan a Huatulco,Oaxaca,16°15.171 N,96°33.521' W,,3,1,"XAL, MEXU, IEB","rastrera, flores grandes lila, bosque de transicion encino-seco","Silvana Martén, Mauricio Quesada, Javier Balvino, Jacobo, Constantino, Armando Hernández",
9,Convolvulaceae,Ipomoea,pauciflora,E. Carranza,12-Sep-12,Camino de Mihuatlan a Huatulco,Oaxaca,16°15.171 N,96°33.521' W,,1,1,IEB,"arborea de unos 4 m, bosque transicion, flores blancas","Silvana Martén, Mauricio Quesada, Javier Balvino, Jacobo, Constantino, Armando Hernández",
10,Convolvulaceae,Ipomoea,chenopodiifolia,E. Carranza,12-Sep-12,San Juan Suchixtepec,Oaxaca,16°04.901 N,96°28.360 W,,3,1,"XAL, MEXU, IEB","flor tubular fuscia, rio, con escarabajos","Silvana Martén, Mauricio Quesada, Javier Balvino, Jacobo, Constantino, Armando Hernández",
11,Convolvulaceae,Ipomoea,sp,,12-Sep-12,San Juan Suchixtepec,Oaxaca,16°04.901 N,96°28.360 W,,2,1,"MEXU, IEB",sendero a orilla de rio,"Silvana Martén, Mauricio Quesada, Javier Balvino, Jacobo, Constantino, Armando Hernández",
12,Convolvulaceae,Ipomoea,chenopodiifolia,E. Carranza,12-Sep-12,San Juan Suchixtepec,Oaxaca,16°04.901 N,96°28.360 W,,1,1,IEB,sendero a orilla de rio,"Silvana Martén, Mauricio Quesada, Javier Balvino, Jacobo, Constantino, Armando Hernández",
13,Convolvulaceae,Ipomoea,funis,E. Carranza,12-Sep-12,Camino de San Juan a Huatulco,Oaxaca,16°3.630 N,96°30.308 W,,1,1,IEB,"Flores amarillas, colibri robando nectar","Silvana Martén, Mauricio Quesada, Javier Balvino, Jacobo, Constantino, Armando Hernández",
14,Lentibulariaceae,Pinguicula,moranesis,A. Bourg,12-Sep-12,Camino de San Juan a Huatulco,Oaxaca,16°3.630 N,96°30.308 W,,1,no,"MEXU, IEB","carnivora, id con la Flora del Bajío","Silvana Martén, Mauricio Quesada, Javier Balvino, Jacobo, Constantino, Armando Hernández",
15,Convolvulaceae,Ipomoea,quamoclit,S. Martén-Rodriguez,14-Sep-12,Puerto Angel,Oaxaca,15°40.084 N,96°29.817 W,,3,1,"XAL, MEXU, IEB",en borde de camino,"Silvana Martén, Mauricio Quesada, Javier Balvino, Jacobo, Constantino, Armando Hernández",
16,Convolvulaceae,Ipomoea,carnea,E. Carranza,14-Sep-12,Carretera de Puerto Angel a Puerto Escondido,Oaxaca,15°44.016 N,96°45.211 W,,2,1,-,"Muestra descartada, muchos hongos","Silvana Martén, Mauricio Quesada, Javier Balvino, Jacobo, Constantino, Armando Hernández",
17,Convolvulaceae,Ipomoea,quamoclit,S. Martén-Rodriguez,14-Sep-12,Carretera de Puerto Angel a Puerto Escondido,Oaxaca,15°44.016 N,96° 45.211' W,,2,1,"MEXU, IEB",carretera,"Silvana Martén, Mauricio Quesada, Javier Balvino, Jacobo, Constantino, Armando Hernández",
18,Convolvulaceae,Ipomoea,pescaprae,S. Martén-Rodriguez,14-Sep-12,Puerto Escondido,Oaxaca,15°51.102' N,97° 3.297' W,,1,1,IEB,"en la playa, sin flor","Silvana Martén, Mauricio Quesada, Javier Balvino, Jacobo, Constantino, Armando Hernández",
19,Convolvulaceae,Ipomoea,nil,E. Carranza,15-Sep-12,Entrada al aeropuerto de Puerto Escondido,Oaxaca,15° 52.303' N,97° 5.497' W,,2,1,"MEXU, IEB",flores moradas cerradas,"Silvana Martén, Mauricio Quesada, Javier Balvino, Jacobo, Constantino, Armando Hernández",
20,Convolvulaceae,Ipomoea,sp,,15-Sep-12,Entrada al aeropuerto de Puerto Escondido,Oaxaca,15° 52.303' N,97° 5.497' W,,1,1,IEB,,"Silvana Martén, Mauricio Quesada, Javier Balvino, Jacobo, Constantino, Armando Hernández",
21,Convolvulaceae,Ipomoea,quamoclit,A. Bourg,16-Sep-12,Pinotepan Nacional,Guerrero,16° 22.525 N,98° 5.555' W,,1,1,IEB,"1 sola flor en el lugar, borde de carretera","Silvana Martén, Mauricio Quesada, Javier Balvino, Jacobo, Constantino, Armando Hernández",
22,Convolvulaceae,Ipomoea,triloba,E. Carranza,16-Sep-12,camino Acapulco a Tecpan,Guerrero,17° 02' 43.3'' N,100° 15' 50.7'' W,,2,1,IEB,"flores violeta, en cerca de casa","Silvana Martén, Mauricio Quesada, Javier Balvino, Jacobo, Constantino, Armando Hernández",
23,Convolvulaceae,Ipomoea,ternifolia,E. Carranza,16-Sep-12,Cayaco,Guerrero,17° 09.782' N,100° 25.484' W,,4,1,"XAL, MEXU, IEB","flores violeta, hojas digitadas, en cerca de cancha de fútbol","Silvana Martén, Mauricio Quesada, Javier Balvino, Jacobo, Constantino, Armando Hernández",
24,Aristolochiaceae,Aristolochia,foetida,A. Bourg,17-Sep-12,Roca de Tlalcoyunque,Guerrero,17° 15.231' N,101° 0.333' W,,1,1,IEB,"Muy pequeñita, en entrada de bosque seco","Silvana Martén, Mauricio Quesada, Javier Balvino, Jacobo, Constantino, Armando Hernández",
25,Anacardiaceae,Amphipterygium,sp,M. Quesada,17-Sep-12,Roca de Tlalcoyunque,Guerrero,17° 15.231' N,101° 0.333' W,,3,1,"MEXU, IEB",muestra de tesis de Bambi,"Silvana Martén, Mauricio Quesada, Javier Balvino, Jacobo, Constantino, Armando Hernández",
26,Primulaceae,Jacquinia,sp,M. Quesada,17-Sep-12,Roca de Tlalcoyunque,Guerrero,17° 15.231' N,101° 0.333' W,,1,1,IEB,entrada de bosque seco,"Silvana Martén, Mauricio Quesada, Javier Balvino, Jacobo, Constantino, Armando Hernández",
27,Convolvulaceae,Ipomoea,cf hederacea,E. Carranza,17-Sep-12,mirador en camino de la roca hacia petatlan,Guerrero,17° 22'37''N,101°08'54'' W,,3,1,IEB,flores blancas en acantilados a orilla del mar,"Silvana Martén, Mauricio Quesada, Javier Balvino, Jacobo, Constantino, Armando Hernández",
28,Convolvulaceae,Ipomoea,nil,E. Carranza,17-Sep-12,Petatlán,Guerrero,17° 32.91' N,101° 17.09' W,,3,1,"MEXU, IEB",,"Silvana Martén, Mauricio Quesada, Javier Balvino, Jacobo, Constantino, Armando Hernández",
29,Convolvulaceae,Ipomoea,purpurea,A. Bourg,18-Sep-12,Uruapan,Michoacan,19° 23.516' N,102° 3.507' W,,2,1,IEB,flor blanca creciendo sobre arbolitos en cerca de casa,"Silvana Martén, Armando Hernández",
30,Convolvulaceae,Ipomoea,suffulta,E. Carranza,18-Sep-12,La Tzararacua,Michoacan,19° 21.156' N,102° 4.406' W,,4,1,"MEXU, IEB",flor rosada,Silvana Martén. Armando Hernández,
31,Convolvulaceae,Ipomoea,sp,,18-Sep-12,La Tzararacua,Michoacan,19° 21.156' N,102° 4.406' W,,2,1,IEB,flor fucsia en camino de entrada a la Tzararacua,Silvana Martén. Armando Hernández,
32,Convolvulaceae,Ipomoea,orizabensis,E. Carranza,20-Sep-12,De vuelta de Valle de Bravo,Estado de Mexico,19° 21.156' N,100° 6.111' W,,2,,"MEXU, IEB",flor clara,Silvana Martén. Armando Hernández,
33,Convolvulaceae,Ipomoea,dumosa,R. Delgado,25-Sep-12,"Cerro de las Culebras, Coatepec",Veracruz,19°27'30'' N,96°57'46'' W,,1,1,IEB,"plantas bastante altas, flores fucsia","Armando Hernández, Ruth Delgado",
34,Convolvulaceae,Ipomoea,purpurea,A. Bourg,26-Sep-12,"Xalapa centro, por la rotonda",Veracruz,19°27'30'' N,96° 57' 46'' W,,1,1,IEB,flores azules con rayas blancas,"Armando Hernández, Ruth Delgado",
35,Convolvulaceae,Ipomoea,purpurea,A. Bourg,26-Sep-12,Parque Macuiltepetl,Veracruz,19°32'43'' N,96°55'14'' W,,1,1,IEB,en cerca de la entrada del parque,"Armando Hernández, Ruth Delgado",
36,Convolvulaceae,Ipomoea,dumosa,A. Bourg,26-Sep-12,Parque Macuiltepetl,Veracruz,19°32'43'' N,96°55'14'' W,,1,1,,"plantas bastante altas, flores fucsia","Armando Hernández, Ruth Delgado",
37,Convolvulaceae,Ipomoea,purpurea,A. Bourg,4-Oct-12,Parque Natura,Veracruz,19°30'51'' N,96° 53'35'' W,,1,1,IEB,"sobre mata de café en caminito peatonal,  de donde se dejan carros como a 15 metros, flores moradas","Armando Hernández, Ruth Delgado",
38,Convolvulaceae,Ipomoea,cholulensis,E. Carranza,17-Oct-12,salida de Xalapa a Coatepec,Veracruz,19°29'40'' N,96°56'15''W,,2,1,"MEXU, IEB",flores rojas a ras de suelo,"Armando Hernández, Ruth Delgado",
39,Convolvulaceae,Ipomoea,hederaceae,E. Carranza,25-Oct-12,Camino a Trancas,Veracruz,,,,2,,"MEXU, IEB",hederaceae o hibrido hederacea x purpurea,Armando Hernández,
40,Convolvulaceae,Ipomoea,purpurea,E. Carranza,25-Oct-12,Camino a Trancas,Veracruz,,,,1,,IEB,,Armando Hernández,
41,Convolvulaceae,Ipomoea,sp,,31-Oct-12,"Marabatío, en borde de autopista, entre km 143 y 144",Michoacan,19°53.024' N,100°16.415'W,2150 m,1,1,IEB,,"Armando Hernández, Eduardo Ruiz",
42,Convolvulaceae,Ipomoea,purpurea,A. Bourg,1-Nov-12,"5 km después de Tingambato, carretera libre Patazcuaro-Uruapan",Michoacan,19°27.915' N,101°57.113'W,,,1,IEB,,"Armando Hernández, Eduardo Ruiz",
43,Convolvulaceae,Ipomoea,cristulata,E. Carranza,1-Nov-12,"5 km después de Tingambato, carretera libre Patazcuaro-Uruapan",Michoacan,19°27.915' N,101°57.113'W,,,1,IEB,"flor roja, pocas plantas. ","Armando Hernández, Eduardo Ruiz",
44,Convolvulaceae,Ipomoea,purpurea,E. Carranza,1-Nov-12,"5 km después de Tingambato, carretera libre Patazcuaro-Uruapan",Michoacan,19°26.999' N,102°0.380'W,1728 m,,1,"MEXU, IEB","flores blancas, foto y fruto","Armando Hernández, Eduardo Ruiz",
45,Convolvulaceae,Ipomoea,,,1-Nov-12,"5 km después de Tingambato, carretera libre Patazcuaro-Uruapan, hacienda La Pinera",Michoacan,19°26.999' N,102°0.380'W,1728 m,,0,IEB,flores chicas,"Armando Hernández, Eduardo Ruiz",
46,Convolvulaceae,Ipomoea,purpurea,A. Bourg,1-Nov-12,"5 km después de Tingambato, carretera libre Patazcuaro-Uruapan, hacienda La Pinera",Michoacan,19°26.999' N,102°0.380'W,1728 m,,0,IEB,flores rosadas,"Armando Hernández, Eduardo Ruiz",
47,Convolvulaceae,Ipomoea,purpurea,A. Bourg,1-Nov-12,"Uruapan, arroyo Colorado",Michoacan,19°21.239'N,102°3.426'W,1539 m,,0,IEB,colecta de frutos y bichos (bicho: Diabrotica? Según Lalo),"Armando Hernández, Eduardo Ruiz",
48,Convolvulaceae,Ipomoea,purpurea,A. Bourg,2-Nov-12,"Zacapu, rumbo a Villa Jiménez",Michoacan,19°49.342'N,101°46.632'W,1996 m,,1,IEB,"flores rosadas, colecta de semillas y medida de flores","Armando Hernández, Eduardo Ruiz",
49,Convolvulaceae,Ipomoea,purpurea,A. Bourg,2-Nov-12,"Zacapu, rumbo a Villa Jiménez, km 10",Michoacan,19°53.488'N,101°46.632'W,,,1,IEB,flores moradas chicas,"Armando Hernández, Eduardo Ruiz",
50,Convolvulaceae,Ipomoea,indica,E. Carranza,2-Nov-12,"Zacapu, rumbo a Villa Jiménez",Michoacan,19°56.900'N,101°45.268'W,1922 m,,1,IEB,flores moradas sobre cerca,"Armando Hernández, Eduardo Ruiz",
51,Convolvulaceae,Ipomoea,tricolor,E. Carranza,2-Nov-12,km 410 rumbo a autopista a Guadalajara,Jalisco,20°20.056'N,102°35.521'W,,,1,IEB,"flores celestes, muy abundante","Armando Hernández, Eduardo Ruiz",
52,Convolvulaceae,Ipomoea,triloba,E. Carranza,2-Nov-12,"Villa Purificacion, a 60 km de Chamela por camino por atrás",Jalisco,19°42.834'N,104°36.670'W,,,1,,flores cerradas,"Armando Hernández, Eduardo Ruiz",
53,Convolvulaceae,Ipomoea,trifida,E. Carranza,3-Nov-12,Arroyo Careyes,Jalisco,19°26.612'N,105°1.274'W,0 m,,1,IEB,"flores pequeñas rosaditas, a veces corola entera, a veces partida","Armando Hernández, Eduardo Ruiz",
54,Convolvulaceae,Ipomoea,trifida,E. Carranza,3-Nov-12,Arroyo Careyes,Jalisco,19°26.612'N,105°1.274'W,0 m,,1,IEB,flores rosadas más grandes,"Armando Hernández, Eduardo Ruiz",
55,Convolvulaceae,Ipomoea,clavata,,3-Nov-12,Arroyo Careyes,Jalisco,19°26.612'N,105°1.274'W,0 m,,1,-,muestra dañada,"Victor Rosas, Armando Hernández, Eduardo Ruiz",
56,Convolvulaceae,Ipomoea,ampullacea,Victor Rosas,3-Nov-12,Arroyo Careyes,Jalisco,19°26.612'N,105°1.274'W,0 m,,1,,,"Victor Rosas, Armando Hernández, Eduardo Ruiz",
57,Convolvulaceae,Operculina,pteripes,E. Carranza,3-Nov-12,Arroyo Careyes,Jalisco,19°26.612'N,105°1.274'W,0 m,,1,,flores color salmon,"Victor Rosas, Armando Hernández, Eduardo Ruiz",
58,Convolvulaceae,Ipomoea,tricolor,E. Carranza,3-Nov-12,Arroyo Careyes,Jalisco,19°26.612'N,105°1.274'W,0 m,,1,IEB,flores violeta,"Victor Rosas, Armando Hernández, Eduardo Ruiz",
59,Convolvulaceae,Ipomoea,nil,Victor Rosas,3-Nov-12,Arroyo Careyes,Jalisco,19°26.612'N,105°1.274'W,0 m,,1,IEB,,"Victor Rosas, Armando Hernández, Eduardo Ruiz",
60,Convolvulaceae,Ipomoea,meyeri,Victor Rosas,3-Nov-12,Arroyo Careyes,Jalisco,19°26.612'N,105°1.274'W,0 m,,1,,,"Victor Rosas, Armando Hernández, Eduardo Ruiz",
61,Convolvulaceae,Ipomoea,quamoclit,Victor Rosas,3-Nov-12,Arroyo Careyes,Jalisco,19°26.612'N,105°1.274'W,0 m,,1,,,"Victor Rosas, Armando Hernández, Eduardo Ruiz",
62,Convolvulaceae,Ipomoea,hederifolia,Victor Rosas,3-Nov-12,Arroyo Careyes,Jalisco,19°26.612'N,105°1.274'W,0 m,,1,IEB,flores rojas largas,"Victor Rosas, Armando Hernández, Eduardo Ruiz",
63,Convolvulaceae,Ipomoea,minutiflora,Victor Rosas,3-Nov-12,Arroyo Careyes,Jalisco,19°26.612'N,105°1.274'W,0 m,,1,,flores chicas amarillas,"Victor Rosas, Armando Hernández, Eduardo Ruiz",
64,Convolvulaceae,Jaquemontia,,Victor Rosas,3-Nov-12,Rio Cuitzmala,Jalisco,19°24.405'N,104°57.654'W,28 m,,1,IEB,,"Victor Rosas, Armando Hernández, Eduardo Ruiz",
65,Convolvulaceae,Ipomoea,alba,Victor Rosas,3-Nov-12,Rio Cuitzmala,Jalisco,19°24.505'N,104°57.804'W,24 m,,1,IEB,,"Victor Rosas, Armando Hernández, Eduardo Ruiz",
66,Convolvulaceae,Ipomoea,muricata,Victor Rosas,3-Nov-12,Rio Cuitzmala,Jalisco,19°24.505'N,104°57.804'W,25 m,,1,IEB,,"Victor Rosas, Armando Hernández, Eduardo Ruiz",
67,Convolvulaceae,Merremia,cissoides,E. Carranza,3-Nov-12,Hotel Careyes,Jalisco,,,,,1,IEB,flores blancas,"Victor Rosas, Armando Hernández, Eduardo Ruiz",
68,Convolvulaceae,Ipomoea,wolcottiana,Victor Rosas,3-Nov-12,Hotel Careyes,Jalisco,,,,,1,-,sin flores,"Victor Rosas, Armando Hernández, Eduardo Ruiz",
69,Convolvulaceae,Ipomoea,chamelana,Victor Rosas,3-Nov-12,En carretera,Jalisco,19°28.571'N,105°1.992'W,84 m,,1,,,"Victor Rosas, Armando Hernández, Eduardo Ruiz",
70,Convolvulaceae,Ipomoea,crinicalyx,Victor Rosas,3-Nov-12,En carretera,Jalisco,19°32.095'N,105°4.549'W,0 m,,1,IEB,carpeta de flores lilas con olor agradable,"Victor Rosas, Armando Hernández, Eduardo Ruiz",
71,Convolvulaceae,Ipomoea,pescaprae,Victor Rosas,3-Nov-12,"Punta Pérula, en playa",Jalisco,19°35.321'N,105°7.577'W,0 m,,1,,flores rosadas,"Victor Rosas, Armando Hernández, Eduardo Ruiz",
72,Convolvulaceae,Ipomoea,quamoclit,A. Bourg,3-Nov-12,"Limite del estado, rumbo a Manzanillo",Colima,19°11.011'N,104°31.675'W,9 m,,1,,,"Victor Rosas, Armando Hernández, Eduardo Ruiz",
73,Convolvulaceae,Ipomoea,,,3-Nov-12,"Limite del estado, rumbo a Manzanillo",Colima,19°11.011'N,104°31.675'W,9 m,,1,IEB,"flores rosadas, muy pubescente","Armando Hernández, Eduardo Ruiz",
74,Convolvulaceae,Ipomoea,trifida,,3-Nov-12,"Limite del estado, rumbo a Manzanillo",Colima,19°11.011'N,104°31.675'W,9 m,,1,IEB,zacatal,"Armando Hernández, Eduardo Ruiz",
75,Convolvulaceae,Ipomoea,,A. Bourg,3-Nov-12,"Limite del estado, rumbo a Manzanillo",Colima,19°11.011'N,104°31.675'W,9 m,,1,,carpetas gigantes,"Armando Hernández, Eduardo Ruiz",
76,Convolvulaceae,Ipomoea,alba,A. Bourg,4-Nov-12,Saliendo de Tecomán rumbo a Michoacán,Colima,18°53.096'N,103°51.065'W,,,1,,"flor blanca grande, planta abundante a orilla de la carretera","Armando Hernández, Eduardo Ruiz",
77,Convolvulaceae,Ipomoea,indica,E. Carranza,4-Nov-12,En carretera,Colima,18°47.815'N,103°47.668'W,8 m,,0,IEB,,"Armando Hernández, Eduardo Ruiz",
78,Convolvulaceae,Ipomoea,indica,E. Carranza,4-Nov-12,En carretera,Colima,18°47.815'N,103°47.668'W,8 m,,1,IEB,,"Armando Hernández, Eduardo Ruiz",
79,Convolvulaceae,Ipomoea,ternifolia,E. Carranza,4-Nov-12,km 279 carretera Tecomán-Lázaro Cárdenas,Colima,18°46.873'N,103°45.978'W,,,0,,flor moradita poco abundante,"Armando Hernández, Eduardo Ruiz",
80,Convolvulaceae,Ipomoea,crinicalyx,A. Bourg,4-Nov-12,km 207 carretera Tecomán a Lázaro Cárdenas,Colima,18°39.729'N,103°40.214'W,,,1,,flor morada,"Armando Hernández, Eduardo Ruiz",
81,Convolvulaceae,Ipomoea,setosa,A. Bourg,4-Nov-12,km 211 carretera Tecomán a Lázaro Cárdenas,Michoacan,18°37.238'N,103°40.703'W,34 m,,1,IEB,espectacular. Morada. Arriba de los árboles. Bosque tropical subcaducifolio. Colecta de coleoptero,"Armando Hernández, Eduardo Ruiz",
82,Convolvulaceae,Ipomoea,indica,E. Carranza,4-Nov-12,km 212 carretera Tecomán a Lázaro Cárdenas,Michoacan,18°35.531'N,103°40.366'W,,,1,IEB,"celeste con rosado, polinizador colectado","Armando Hernández, Eduardo Ruiz",
83,Convolvulaceae,Ipomoea,hederifolia,E. Carranza,4-Nov-12,km 208 carretera Tecomán a Lázaro Cárdenas,Michoacan,18°33.999'N,103°39.353'W,100 m,,1,IEB,"rojita más grande, en charralillo","Armando Hernández, Eduardo Ruiz",
84,Convolvulaceae,Ipomoea,quamoclit,A. Bourg,4-Nov-12,km 206 carretera Tecomán a Lázaro Cárdenas,Michoacan,18°33.870'N,103°38.537'W,0 m,,1,IEB,,"Armando Hernández, Eduardo Ruiz",
85,Convolvulaceae,Ipomoea,tricolor,E. Carranza,4-Nov-12,km 200 carretera Tecomán a Lázaro Cárdenas,Michoacan,18°33.132'N,103°35.892'W,36 m,,1,"MEXU, IEB",flores blancas medianas,"Armando Hernández, Eduardo Ruiz",
86,Convolvulaceae,Ipomoea,triloba,E. Carranza,4-Nov-12,km 179 carretera Tecomán a Lázaro Cárdenas,Michoacan,18°24.290'N,103°31.702'W,,,1,IEB,flores moraditas,"Armando Hernández, Eduardo Ruiz",
87,Convolvulaceae,Ipomoea,,,4-Nov-12,km 179 carretera Tecomán a Lázaro Cárdenas,Michoacan,18°24.290'N,103°31.702'W,,,1,-,"arborea, de unos 2 metros","Armando Hernández, Eduardo Ruiz",
88,Convolvulaceae,Ipomoea,nil,E. Carranza,4-Nov-12,,Michoacan,18°17.292'N,103°23.304'W,,,1,IEB,"morada, mezclada con chayotes","Armando Hernández, Eduardo Ruiz",
89,Convolvulaceae,Ipomoea,,,4-Nov-12,,Michoacan,18°17.292'N,103°23.304'W,,,1,-,"azul, muestra descartada por hongos","Armando Hernández, Eduardo Ruiz",
90,Convolvulaceae,Ipomoea,hederifolia,A. Bourg,4-Nov-12,,Michoacan,,,,,1,"MEXU, IEB",,"Armando Hernández, Eduardo Ruiz",
91,Convolvulaceae,Ipomoea,hederifolia,A. Bourg,4-Nov-12,km 142 carretera Tecomán a Lázaro Cárdenas,Michoacan,18°15.439'N,103°17.742'W,120 m,,1,IEB,"variación de la forma de las hojas. Algunas trífidas, otras anguladas. Varia tambien longitud de los peciolos","Armando Hernández, Eduardo Ruiz",
92,Convolvulaceae,Ipomoea,,A. Bourg,4-Nov-12,,Michoacan,18°13.783'N,103°11.988'W,240 m ,,1,"MEXU, IEB",,"Armando Hernández, Eduardo Ruiz",
93,Convolvulaceae,,,,4-Nov-12,,Michoacan,18°13.06' N,103°10.241' W,,,1,-,"flores blancas con cáliz muy diferente a Ipomoea, secreción blanca","Armando Hernández, Eduardo Ruiz",
94,Convolvulaceae,Ipomoea,crinicalyx,E. Carranza,4-Nov-12,pueblo Huahua,Michoacan,18°10.694'N,103°0.098' W,,,1,IEB,flores moradas en carpeta,"Armando Hernández, Eduardo Ruiz",
95,Convolvulaceae,Ipomoea,hederifolia,E. Carranza,4-Nov-12,,Michoacan,18°3.587'N,102°41.487'W,44 m,,1,IEB,con virus. ,"Armando Hernández, Eduardo Ruiz",
96,Convolvulaceae,Ipomoea,crinicalyx,E. Carranza,5-Nov-12,"km 309 carretera Lázaro Cárdenas a Zihuatanejo, saliendo de Michoacán hacia Guerrero",Michoacan,17°58.485' N,102°11.404'W,16 m,,1,IEB,,"Armando Hernández, Eduardo Ruiz",
97,Convolvulaceae,Ipomoea,quamoclit,A. Bourg,5-Nov-12,"km 87 carretera Lázaro Cárdenas a Zihuatanejo, Petatalco",Guerrero,17°59.221'N,102°6.032' W,0 m ,,1,IEB,,"Armando Hernández, Eduardo Ruiz",
98,Convolvulaceae,Ipomoea,meyeri,A. Bourg,5-Nov-12,km 85 carretera Lázaro Cárdenas a Zihuatanejo,Guerrero,17° 59.959' N,102° 5.827' W,0 m,,1,,poco abundante,"Armando Hernández, Eduardo Ruiz",
99,Convolvulaceae,Ipomoea,setosa,A. Bourg,5-Nov-12,,Guerrero,18° 0.477' N,102° 5.719' W,9 m,,1,IEB,"grande morada, trepa mucho. A partir de aquí, abundante","Armando Hernández, Eduardo Ruiz",
100,Convolvulaceae,Ipomoea,hederifolia,A. Bourg,5-Nov-12,km 67 carretera Lázaro Cárdenas a Zihuatanejo,Guerrero,18° 0.097' N,101° 57.547' W,31 m,,1,IEB,polinizadores: colibrí hembra (Archilopus?) y mariposa,"Armando Hernández, Eduardo Ruiz",
101,Convolvulaceae,Ipomoea,tricolor,E. Carranza,5-Nov-12,km 57 carretera Lázaro Cárdenas a Zihuatanejo,Guerrero,17° 57.422' N,101° 52.324' W,52 m,,1,"MEXU, IEB","celeste con amarillo adentro, tubo largo, fotos Lalo","Armando Hernández, Eduardo Ruiz",
102,Convolvulaceae,Ipomoea,quamoclit,A. Bourg,5-Nov-12,km 30 carretera Lázaro Cárdenas a Zihuatanejo,Guerrero,17°47.840' N,101° 41.670' W,66 m,,1,IEB,encima de colina a ras de suelo,"Armando Hernández, Eduardo Ruiz",
103,Convolvulaceae,Ipomoea,nil,E. Carranza,5-Nov-12,km 30 carretera Lázaro Cárdenas a Zihuatanejo,Guerrero,17°47.840' N,101° 41.670' W,66 m,,1,IEB,encima de colina,"Armando Hernández, Eduardo Ruiz",
104,Convolvulaceae,Ipomoea,pedicellaris,E. Carranza,5-Nov-12,,Guerrero,17° 26.471' N,101° 12.525' W,0 m,,1,IEB,"flores moradas con mucrones en el cáliz, en manglar","Armando Hernández, Eduardo Ruiz",
105,Convolvulaceae,Ipomoea,nil,A. Bourg,6-Nov-12,Cayaquitos,Guerrero,17°18.285' N,101° 3.065' W,15 m,,1,,bichos colectados,"Armando Hernández, Eduardo Ruiz",
106,Convolvulaceae,Ipomoea,aristolochiifolia,E. Carranza,6-Nov-12,Cayaquitos,Guerrero,17° 18.285' N,101° 3.065' W,15 m,,1,IEB,"medimos. Corola azul, planta con ramas pegajosas en charral","Armando Hernández, Eduardo Ruiz",
107,Convolvulaceae,Ipomoea,pedicellaris,E. Carranza,6-Nov-12,Cayaquitos,Guerrero,17°18.285' N,101° 3.065' W,15 m,,1,,flor morada grande,"Armando Hernández, Eduardo Ruiz",
108,Convolvulaceae,Ipomoea,pedicellaris,A. Bourg,6-Nov-12,Cayaquitos,Guerrero,17° 18.285' N,101° 3.065' W,15 m,,0,,igual a anterior pero otro ind,"Armando Hernández, Eduardo Ruiz",
109,Convolvulaceae,Ipomoea,,A. Bourg,6-Nov-12,Cayaquitos,Guerrero,17°18.194' N,101° 3.042' W,5 m,,1,,flores moraditas chicas,"Armando Hernández, Eduardo Ruiz",
110,Convolvulaceae,Ipomoea,stans,E. Ruiz,8-Nov-12,El Bajío del Indio,Jalisco,20°42.070'N,102°32.559'W,2098 m ,2,1,"MEXU, IEB",floración ya pasó. Colecta de hojas con frutos,"Armando Hernández, Eduardo Ruiz",
111,Convolvulaceae,Ipomoea,purpurea,A. Bourg,8-Nov-12,"San Ignacio, Cerro Gordo",Jalisco,20°44.348'N,102°32.083'W,2064 m,1,1,IEB,muchos colores de flor. Colecta de semillas,"Armando Hernández, Eduardo Ruiz",
112,Convolvulaceae,Ipomoea,purpurea,A. Bourg,9-Nov-12,"Morelia, cerca del CIECO",Michoacan,19°38.933'N,101°12.954'W,1954 m,1,1,IEB,"flores de corola doble, colecta de semillas","Armando Hernández, Eduardo Ruiz",
113,Convolvulaceae,Ipomoea,alba,A. Bourg,9-Nov-12,"Morelia, cerca del CIECO",Michoacan,19°39.013'N,101°14.009'W,1958 m,1,1,IEB,en cerca de casa,"Armando Hernández, Eduardo Ruiz",
114,Convolvulaceae,Ipomoea,indica,E. Carranza,9-Nov-12,"Morelia, colonia Tenencia, cerca del CIECO",Michoacan,19°38.989'N,101°14.392'W,1943 m,1,1,IEB,flores azules,"Armando Hernández, Eduardo Ruiz",
115,Convolvulaceae,Ipomoea,tricolor,E. Carranza,30-Dec-12,Tlacolula,Oaxaca,16°57'30''N,96°28'55'' W,1589 m,2,1,"MEXU, IEB","flores celestes de centro amarillo, sépalos pequeños, sobre cerca",Nora Garita,
116,Convolvulaceae,Ipomoea,phylomega,A. Campos,18-Jun-13,Los Tuxtlas,Veracruz,18°35'06.23''N,95°04'30.21''W,163 m,1,1,,"flores fucsia en la copa de los arboles, en borde de bosque",A. Campos,
117,Convolvulaceae,Ipomoea,,A. Bourg,20-Jun-13,Los Tuxtlas,Veracruz,18°35'07.41''N,95'04'26.22''W,145 m,1,1,,flores rosa sobre carretera por la entrada principal de la estación,A. Campos,
118,Convolvulaceae,Ipomoea,,A. Bourg,28-Jun-13,Laguna de Sontecomapan,Veracruz,18°30'45.84''N,95°01'45.73''W,8 m,1,1,1,"flores fucsia en carpetas, sobre árboles de la parte más dulceacuícola",K. V. Mehltreter ,
119,Convolvulaceae,Ipomoea,orizabensis,A. Bourg,17-Aug-13,"Copándaro, orillas del lago Zirahuen",Michoacan,19°26'25.6'' N,101°45'32.5''W,2071 m,3,1,3,"flores morado intenso, rastrera",Dacio Valladares,
120,Convolvulaceae,Ipomoea,SP?,,16-Sep-13,"Altos de Jalisco, 5 km N del entronque Tequila-Jalisco",Jalisco,20°49'2.8''N,103°48'23''W,1515 m,1,,1,"En claro de bosque de encino, rastrera, flores rosado con blanco en sustrato rocoso","Dacio Valladares, Constantino Orduña, Teresa",posible orizabensis
121,Convolvulaceae,Ipomoea,hederifolia,E. Carranza,16-Sep-13,"km 16 carretera Guadalajara a Tepic, 2 km antes de puente Salsipuedes",Jalisco,21°0'35.9''N,104°9'0.4''W,1113 m,2,,2,Flores rojas en borde de carretera,"Dacio Valladares, Constantino Orduña, Teresa",
122,Convolvulaceae,Ipomoea,triloba,E. Carranza,17-Sep-13,"Ejido 5 de mayo, km 4 carretera a San Blas",Nayarit,21°41'31''N,105°5'26''W,26 m,2,,2,"Sobre barda, flores pequeñas rosadas","Dacio Valladares, Constantino Orduña, Teresa",
123,Martineaceae,Proboscidea,,E. Carranza,17-Sep-13,"Carretera San Blas a Tepic, camino a catarata",Nayarit,21°39'12.1''N,105°1'28.3''W,328 m,1,,2,Arbusto de flores blancas,"Dacio Valladares, Constantino Orduña, Teresa",
124,Convolvulaceae,Ipomoea,pedicellaris,A. Bourg,17-Sep-13,"km 162 carretera Tepic- Mazatlán, cerca del puente del ferrocarril del Pacífico",Sinaloa,22°43'34''N,105°38'17''W,0 m,1,,1,"En copa de árboles, poco abundante, flores noradas de unos 10 cm de largo","Dacio Valladares, Constantino Orduña, Teresa",
125,Convolvulaceae,Operculina,pinnatifida,E. Carranza,17-Sep-13,"Caseta Rosario, autopista Tepic- Mazatlan",Sinaloa,22°59'8''N,105°52'45''W,20 m,1,,1,Flores blancas medianas y hojas lobuladas,"Dacio Valladares, Constantino Orduña, Teresa",
126,Convolvulaceae,Ipomoea,quamoclit,A. Bourg,17-Sep-13,km 214 carretera Tepic- Mazatlan,Sinaloa,23°3'7''N,105°59'6''W,38 m,1,,1,Flores muy rojas rastreras,"Dacio Valladares, Constantino Orduña, Teresa",
127,Convolvulaceae,Ipomoea,SP,,18-Sep-13,km 15 carretera Mazatlan -La Noria,Sinaloa,23°27'11''N,106°19'9''W,218 m,1,,1,Flores blancas de centro morado en cerca y suelo. Poco abundantes,"Dacio Valladares, Constantino Orduña, Teresa",Grupo microsticta
128,Convolvulaceae,Operculina,pteripes,E. Carranza,18-Sep-13,km 18 carretera Mazatlan- La Noria,Sinaloa,23°27'55.3''N,106°19'9''W,168 m,2,,2,Flores salmon sobre cerca y copas de los arboles,"Dacio Valladares, Constantino Orduña, Teresa",
129,Convolvulaceae,Ipomoea,SP,,19-Sep-13,"Carretera a Mesa de Nayar, 5 km N del cruce a El Zopilote",Nayarit,21°58'38.7''N,104°57'27.6''W,83 m,1,,1,Flores blancas. Sepalos pubescentes. En pared rocosa al borde de la carretera,"Dacio Valladares, Constantino Orduña, Teresa",
130,Gesneriaceae,Achimenes ,heterophyla,A. Bourg,19-Sep-13,"Carretera a Mesa de Nayar, 9 km después del poblado El Maguey, hacia Mesa de Nayar",Nayarit,22°9'10.3''N,104°46'40.1''W,1602 m,2,,2,"Flores rojas y rizomas. A orilla de cascada temporal en borde de calle, vegetacion de pino encino con helechos y liquenes, suelo de 1 cm de profundidad","Dacio Valladares, Constantino Orduña, Teresa",
131,Gesneriaceae,Achimenes ,,A. Bourg,19-Sep-13,km 74 carretera Jesus Maria a Mesa de Nayar,Nayarit,22°9'3.7''N,104°46'9.9''W,1202 m,1,,1,"cañada de reserva Mesa de Nayar, vegetacion de pino encino en lecho rocoso de rio","Dacio Valladares, Constantino Orduña, Teresa",
132,Convolvulaceae,Ipomoea,SP NOVA???,A. Bourg,19-Sep-13,km 5 carretera Mesa de Nayar hacia Jesus Maria,Nayarit,22°13'55''N,104°36'59.2''W,1208 m,1,,1,flores moradas sobre roca. hojas y tallos pubescentes,"Dacio Valladares, Constantino Orduña, Teresa",
133,Convolvulaceae,Ipomoea ,hederaceae,A. Bourg,20-Sep-13,"Jesus Maria, cabañas a la entrada del pueblo, por el cementerio",Nayarit,22°15'10.1''N,104°31'24.1''W,512 m,1,,2,flores azules con tubo blanco,"Dacio Valladares, Constantino Orduña, Teresa",
134,Gesneriaceae,Achimenes ,,,20-Sep-13,km 105 carretera Jesus Maria a Mesa de Nayar,Nayarit,22°13'59.2''N,104°36'49.4''W,1200 m,1,,1,Flores moradas grandes. En pared rocosa. Cañada en transicion bosque pino encino a selva baja caducifolia,"Dacio Valladares, Constantino Orduña, Teresa",
135,Convolvulaceae,Ipomoea,cholulensis,E. Carranza,20-Sep-13,"200 m antes de puente Agua Fria, carretera Mesa de Nayar - Ruiz",Nayarit,,,,1,,1,,"Dacio Valladares, Constantino Orduña, Teresa",
136,Convolvulaceae,Ipomoea,hederifolia,A. Bourg,20-Sep-13,"100 m antes de puente Naranjo 2, en carretera Mesa de Nayar- Ruiz",Nayarit,,,,1,,1,"Flores rojas con estambre exertos. En paredones humedos, vegetacion selva baja","Dacio Valladares, Constantino Orduña, Teresa",
137,Gesneriaceae,Achimenes ,,,20-Sep-13,"6 km SE de EL Venado, carretera Ruiz - Mesa de Nayar",Nayarit,,,,2,,2,Sustrato rocoso con agua corriendo y poco suelo. Selva baja caducifolia,"Dacio Valladares, Constantino Orduña, Teresa",
138,Convolvulaceae,Ipomoea,hederifolia,A. Bourg,20-Sep-13,"3 km E de Tequila, carretera a San Martin de Las Cañas",Jalisco,20°55'36.3''N,103°50'52.3''W,1158 m,1,,1,Flores rojas a orilla del camino,"Dacio Valladares, Constantino Orduña, Teresa",
139,Convolvulaceae,Ipomoea,laeta,A. Bourg,21-Sep-13,"La Primavera, Zapopan. En borde del camino hacia Rio Caliente",Jalisco,20°41'52.5''N,103°34'46.8''W,1614 m,2,,2,Planta trepadora de flores moradas grandes (unos 10-12 cm de largo). Vegetacion de pino encino,"Dacio Valladares, Constantino Orduña, Teresa",
140,Convolvulaceae,Ipomoea,stans,A. Bourg,22-Sep-13,Camino San Ignacio Cerro Gordo a San Jose de Gracia,Jalisco,20°43'15''N,102°31'48''W,2035 m,2,,2,Arbusto de flores moradas en el camino. Suelos humedos,"Dacio Valladares, Constantino Orduña, Teresa",
141,Convolvulaceae,Ipomoea,orizabensis,E. Carranza,28-Sep-13,Tzararacua,Michoacan,"19°21'14,6''N",102°4'29.9''W,1520 m,3,,3,Borde del camino de entrada,,
142,Convolvulaceae,Ipomoea,suffulta,,28-Sep-13,Tzararacua,Michoacan,19°21'10''N,102°4'29.9''W,1528 m,1,,2,camino hacia la cascada cerca de juegos infantiles,,
143,Convolvulaceae,Ipomoea,oocarpa,E. Carranza,5-Oct-13,Santiago de Queretaro,Queretaro,20°42'7.5''N,100°26'12.2''W,1914 m,3,,3,"Cañada frente a campus Juriquilla de la UNAM, cañon de Cajones",Jaime Navarrijo,
144,Convolvulaceae,Ipomoea,,E. Carranza,24-Oct-13,"Libre San Cristobal hacia Tuxtla, piedra parada",Chiapas,,,,,,1,Flores morado oscuro,"Antonio Gonzalez, Hernando Rodriguez Correa, Yesenia",
145,Convolvulaceae,Ipomoea,lindheimeri,E. Carranza,24-Oct-13,"Libre San Cristobal hacia Tuxtla, piedra parada",Chiapas,,,,,,2,"Flores lila, grabaciones",,
146,Convolvulaceae,Ipomoea,seducta,A. Bourg,25-Oct-13,Delante de piedra parada,Chiapas,16°44'6''N,92°49'41''W,,,,2,Morada de tubo ancho,,
147,Gesneriaceae,Achimenes ,,A. Bourg,25-Oct-13,Delante de piedra parada,Chiapas,16°44'6''N,92°49'41''W,,,,1,Flores rojas en pared rocosa,,
148,Gesneriaceae,Achimenes ,,E. Carranza,25-Oct-13,Delante de piedra parada,Chiapas,16°44'6''N,92°49'41''W,,,,1,Flores moradas grandes en pared rocosa,,
149,Convolvulaceae,Ipomoea,pedicellaris,E. Carranza,25-Oct-13,Entre Larraizar y Bochil,Chiapas,,,,,,1,Flores moradas grandes sobre arboles en borde del camino,,
150,Convolvulaceae,Ipomoea,variabilis,E. Carranza,26-Oct-13,Motozintla,Chiapas,,,,,,1,,,
151,Convolvulaceae,Ipomoea,tricolor,A. Bourg,27-Oct-13,Motozintla,Chiapas,,,,,,1,muy abundante. flores celestes,,
152,Convolvulaceae,Ipomoea,aff batatoides,E. Carranza,27-Oct-13,Motozintla,Chiapas,,,,,,1,"flores lilas, tubo ancho en la base",,
153,Convolvulaceae,Ipomoea,populina ,E. Carranza,27-Oct-13,Motozintla,Chiapas,,,,,,3,flores blancas grandes sobre copas de los arboles,,
154,Convolvulaceae,Ipomoea,tricolor,A. Bourg,27-Oct-13,Motozintla,Chiapas,,,,,,3,flores celestes en copas de los arboles. muy abundantes,,
155,Convolvulaceae,Odonellia,,E. Carranza,28-Oct-13,Huehuetán,Chiapas,15°2'5.4''N,92°24'26.1''W,44 m,,,1,flores blancas en cañada de rio Cuyamiapa,,
156,Cucurbitaceae,Rytidostylis,,A. Bourg,28-Oct-13,"Camino a Las Nubes, limite de El Triunfo",Chiapas,,,,,,1,rastrera,,
157,Convolvulaceae,Ipomoea,crinicalyx,E. Carranza,28-Oct-13,"Las Nubes, reserva El Triunfo",Chiapas,,,,,,2,con Hernando,,
158,Convolvulaceae,Ipomoea,setosa,E. Carranza,29-Oct-13,Pijijiapan a Arriaga,Chiapas,,,,,,3,"flores lila con picos en sépalos, sobre copas de los árboles",,
159,Convolvulaceae,Ipomoea,tiliaceae,E. Carranza,29-Oct-13,Pijijiapan a Arriaga,Chiapas,,,,,,3,observaciones y mediciones,,
160,Convolvulaceae,Ipomoea,aff. variabilis,E. Carranza,29-Oct-13,Puente de Madera,Chiapas,,,,,,1,"flores lila, en cañada de rio, observacion y medidas",,
161,Convolvulaceae,Ipomoea,clavata,,13-Nov-13,"Sobre cerca en camino a El Caiman, camino rio Cuixmala-El Jaboncillo",Jalisco,,,,,,1,"flores cerradas en la mañana, grandes. tambien sobre copas de arboles",,
162,Convolvulaceae,Ipomoea,meyeri,,14-Nov-13,Estacion Biologia Chamela sobre camino de entrada,Jalisco,,,,,,2,flores moradas pequeñas,,
163,Convolvulaceae,Ipomoea,muricata,,16-Nov-13,"Sobre cerca en camino a El Caiman, camino rio Cuixmala-El Jaboncillo",Jalisco,,,,,,1,"flores rosas tubulares en cercas y copas de arboles, nocturna",,
164,Convolvulaceae,Ipomoea,hederifolia,,21-Dec-13,"Bar y Rest La Finca, 1 km S de San Pedro de Poas, cerca del rio Poas",Alajuela,10°03'55.4''N,84°14'47.2''W,1081 m,,,1,"flores rojas, planta rastrera",James Karkashian,
165,Convolvulaceae,Ipomoea,,,21-Dec-13,"400 m antes del rio Poas, viniendo de San Pedro de Poas",Alajuela,10°03'48.5''N,84°14'40.1''W,1066 m,,,,flores lila,James Karkashian,
166,Convolvulaceae,Ipomoea,santillanii,A. Bourg,28-Dec-13,"Borde de quebrada en las afueras del pueblo, Santa Maria de Dota",San Jose,9°38'57.9''N,83°57'59''W,1594 m,,,,"flores blancas, que abren de noche","Anabelle Quiros Vargas, Tomas Pacheco Kouchy",
167,Convolvulaceae,Ipomoea,santillanii,A. Bourg,28-Dec-13,"Bosque de Chalchuapa, frente al aserradero, Santa Maria de Dota",San Jose,9°38'39.3''N,83°58'02.9''W,1620 m,,,,"flores blancas, que abren de noche","Anabelle Quiros Vargas, Tomas Pacheco Kouchy",
168,Convolvulaceae,Ipomoea,trifida,A. Bourg,28-Dec-13,cerca de Santa Maria de Dota,San Jose,9°38'23.8''N,83°58'14.2''W,1609 m,,,,flores rosadas sobre camino,"Anabelle Quiros Vargas, Tomas Pacheco Kouchy",
169,Convolvulaceae,Ipomoea,santillanii,A. Bourg,28-Dec-13,"Rincon de los Solis, al lado derecho del camino, saliendo de Santa Maria de Dota",San Jose,9°38'58.2''N,83°58'44.4''W,1755 m,,no,,flores blancas cerradas a las 5 pm,"Anabelle Quiros Vargas, Tomas Pacheco Kouchy",
170,Convolvulaceae,Ipomoea,chiriquiensis,A. Bourg,29-Dec-13,"Pedregoso de Copey de Dota, 2 km al S de Copey de Dota",San Jose,9°38'29.2''N,83°54'40.8''W,1946 m,,,,copas de los arboles con abejas llegando,,
171,Convolvulaceae,Ipomoea,chiriquiensis,A. Bourg,29-Dec-13,Patio de casa en Copey de Dota,San Jose,9°39'13.4''N,83°54'36.5''W,1938 m,,,,flores blancas de base verdosa,,
172,Convolvulaceae,Ipomoea,indica,A. Bourg,29-Dec-13,"La Catarata, Santa Maria d Dota",San Jose,9°39'19.7''N,83°57'08.7''W,1646 m,,,,flores moradas,,
173,Convolvulaceae,Ipomoea,,A. Bourg,8-Jan-14,sobre carretera Villa Colon- Puriscal,San Jose,9°51'43.9''N,84°16'49.2''W,,,,,,,
174,Aristolochiaceae,Aristolochia,,A. Bourg,8-Jan-14,Entre Grifo Alto y San Pablo de Turrubares,San Jose,"09°54'18""N","84°25'04""W",710 m,,,,flores pequeñas rastrera a la orilla del camino,,
175,Convolvulaceae,Merremia,,A. Bourg,8-Jan-14,Entre Grifo Alto y San Pablo de Turrubares,San Jose,"09°54'18""N","84°25'04""W",710 m,,,,"flores blancas, sobre vegetacion",,
176,Convolvulaceae,Ipomoea,carnea subespecie fistulossa,E. Carranza,8-Jan-14,"Entre Puriscal y Villa Colon, frente a finca La Martinilla",,,,,,,,arbustiva de flores rosadas,,
177,Convolvulaceae,Ipomoea,,A. Bourg,9-Jan-14,Turrialba,Cartago,9°53'59.7''N,83°41'21.6''W,,,,,"borde del camino, flores moradas, planta trepadora",Jairo Moya Ramirez,
178,Convolvulaceae,Ipomoea,dumosa,A. Bourg,10-Jan-14,"El Rodeo, camino Villa Colon a Universidad para la Paz, antes del primer puente de madera",San Jose,9°54'18.4''N,84°14'31.5''W,760 m,,,,"flores sobre vegetacion, cerrando a medio dia",,
179,Convolvulaceae,Ipomoea,santillanii,A. Bourg,13-Jan-14,"frente a escuela de biologia, Campus Rodrigo Facio, Universidad de Costa Rica",San Jose,,,,,,,,,
180,Convolvulaceae,Ipomoea,dumosa,A. Bourg,15-Jan-14,"Grifo Alto, camino entre Puriscal y Orotina, cerca de lecheria",San Jose,9°53'25.51''N,84°24'13.54''W,,,,,"flores fucsia, sobre arbustos","Helena Incer, Manuel Incer, Lucia Garita",
181,Convolvulaceae,Ipomoea,chiriquiensis,A. Bourg,19-Jan-14,"Copey de Dota, potrero detrás de la iglesia",San Jose,,,,,,,"flores blancas, sobre arbustos en potrero",James Karkashian,
182,Convolvulaceae,Ipomoea,parasitica,A. Bourg,6-Mar-14,"La Victoria, Los Tuxtlas",Veracruz,18°22'11.8''N,95°6'33.6''W,337 m,,,2,"flores chicas, corola morada, sobre cerca",Alfonso Aceves Aparicio,
183,Convolvulaceae,Ipomoea,dumosa,A. Bourg,7-Mar-14,"camino La Victoria-Pozoloapan, del primer puente hacia Pozoloapan a la derecha (hacia SE), Los Tuxtlas",Veracruz,10°21'34.6''N,95°05'59.9''W,333 m,,,1,"flores fucsia, sobre arbustos",Alfonso Aceves Aparicio,
184,Convolvulaceae,Ipomoea,ampulacea,E. Carranza,16-Nov-13,"Careyes, entre casas",Jalisco,,,,,,1,flores blancas nocturnas,,
